text,y_true,y_pred,original_response
The boys must be gaming because there goes the wifi.,0,0,no
"Look at those eyes. Either someone unexpectedly just fisted her up the dumper, or that bitch is certifiably a nutburger.",1,1,yes
Old man mogs everyone in this sub,0,0,no
"Excellent, I was just looking at another post where the female fvcked men to get grades, why support that, or even risk exposing ourselves to that type of fraudulent behavior.",0,0,no
"So you run back to daddy whenever you need help. I thought men were sooo bad? Lol. Like I said at the end you need the help of men and can't do shit on your own. Your dad must be a major cuck to raise such a stupid daughter, what went wrong",1,1,yes
"Don't think that using the word ""feminine"" wasn't strategic, Mo. It was. And I couldn't agree more with everything else you wrote. They attempt to bring the rest of us down to their level. Not gonna happen ... Lol, men are a gift from God.",1,0,no
‚Ä™Import the third world and become the third world. You won‚Äôt see feminists protesting about this. ‚Ä¨ ‚Ä™[URL],0,1,yes
Most women find a highly educated and well traveled man sexy.,0,0,no
That's female fantasy. I have a lot of experience in that field and nurses marry doctors all the time. Something statistics also support.,1,0,no
Miss Pony [USER] posting her own home made porn photos Your one sick bitch !,1,1,yes
The black African will soon be labeling her a racist. Race card coming soon,0,1,yes
"Hahaha, what a cuckold. I would've just ghosted her. ""I will not tell her what to do"" YOU ARE IN A RELATIONSHIP WITH HER, ITS YOUR DUTY TO TELL HER WHAT TO DO. Cuckold motherfucker. Now it's too late, dump the bitch.",1,1,yes
"Thanks for the response brotha, I'll work towards it. It's just another nasty remnant of my beta days. But like you said, I'm a man. Men conquer.",1,0,no
#Politics #GabFam #MAGA #Australia As #MSM develops a case of total silence while covering womens virtue signaling BS. Must've been the vagina hats rather than the FGM and child RAPES [URL],1,1,yes
The queen is not representing herself and a direct descendant of Muhammad & high up in the Catholic church of the illuminati ... so are you surprised about this abuse of children?,0,0,no
I saw this from [USER] herself but I thought I would share [USER] 's video on it. Keep up the good work on #PizzaGate guys! This is real #News. Don't be afraid to #SpeakFreely. [URL],0,0,no
Giving women all your money is good personality.,1,0,no
Na he's not flirting with her so she's reading him as gay.,0,0,no
How long will it take a woman to mentally move on from the situation? Cause they're fond of bringing up shit from before my ancestors,1,0,no
"You say you're a MGTOW, why in the hell did you agree to this? She made her damn bed. Bet your ass she would have never done the same for you if you were in her situation.",1,1,yes
I suspect an ugly woman is the prosecuter. Ugly parent turned her in. Ugly women are criminalizing being hot. [URL],1,1,yes
"Imagine having to work with a woman along with all the stress from your other responsibilities. I've been there bro it fucking sucks, but be careful always, they will use their gender to their advantage.",1,1,yes
*women spend all free time trying to block male only activities*,1,1,yes
I get the impression that incel never skipped a meal in his life.,0,0,no
Human sacrifice in the Bible psalm-1379-christian-bible-girl-baby-religion,0,0,no
"Why did he move out? She's the cheater, she should be forced out.",1,1,yes
Good - the grid girls can finally get back into F1,0,0,no
"#Italy: #Muslim #migrant gropes American student‚Äôs girlfriend, then #stabs the student twice: [URL]",0,0,no
"The ultimate stupid nigger, his cockroach mother I'm sure is on benifits too... Useless vermin.",1,1,yes
She had a strong legal team for that manipulated her testimony for that very reason. To construct a testimony that would protect her from the consequences of her actions.,0,0,no
If you‚Äôre 6‚Äô3‚Äù chad with a 2‚Äù dick she will find another chad. Maybe not an incel but fuck I can sympathize.,1,1,yes
"I don‚Äôt date women with body imperfections. This is why if she has asymmetric breasts, stretch marks, cellulite, a weird vagina etc I ghost after the creampie",1,1,yes
"Before I decided to sack Twitter off entirely, I muted about 100 terms, things like Feminism, sexism, racism, Trump, Brexit. Massive fucking list. Made Twitter so much more fun.",0,0,no
All women are children,1,1,yes
I'm his first ever girlfriend Incels do not get girlfriends ever,0,0,no
"There was an experiment where the scientists were introducing the value of the money to monkeys or chimpanzees. Just little shiny discs they could trade for food and things. It didn't take the females long to start selling sex. Well, there you go.",1,0,no
[URL] he should have punched her out she is nothing but a hag from the uk feel free to punch ex pats they are excrement,1,1,yes
"Why do women settle down with you after you spent your youth getting your dick wet with as many different pussies as you can? Because people change over time, they mature, they become different than they were ten years ago.",1,0,no
"Yes, let's all be LECTURED by a Jack-ass like this Jimbo Bono's Bud in Red #BoycottedOscars #BoycottHollywood",0,1,yes
Sick fucks....santanic people need to burn in hell!!,0,0,no
How do you make Lady Gaga scream? Bite her clit off.,1,1,yes
"yeah but things are different now. tradcons are part of the problem. when the muslims take over, im gonna learn arabic and im gonna have me a harem. gotta admit muslims keep their women in check",1,1,yes
Hhaaha I fucking hate women.,1,1,yes
"statistic.. because women don't find plurals attractive, i say statistic not statistics stay true to yourselves fat shy introverts",1,0,no
They are just so pissed off cuz no woman wants neither one of them and they know it. Both little fat round pigs who probably play tiddlywinks together!,0,1,yes
Drown her in pigs blood!!,1,1,yes
Overheard at Star Wars RPG Night: ‚ÄúI cut open the door with my lightsaber and roll through the hole in one move. Best use of a Triumph EVER!‚Äù Me: ‚ÄúI don‚Äôt know. I once saw a guy pick up 3 hot girls in a TR-3.‚Äù,0,0,no
The new Europeans are into all kinds of sex....,0,0,no
First. Black Democrats upset that Black unemployment is down. Now. Feminists upset with good looking women so they get Grid girls fired. Next. LGBTQ community wants AIDS to come back.,0,1,yes
"Yeah, I was just trying to annoy the gymcels. Anyone who's anyone knows femoids are incapable of love.",1,1,yes
"Depends on the girl, on both sides of this. Average girl gives an average blowjob, paid or not. And you can get high end escorts, or just more willing girls where it‚Äôs all on the table.",1,1,yes
#2AShallNotBeInfringed #NRA,0,0,no
"Ah, /r/redpillwomen, where ladies are free to speak their minds about any subject they like, so long as it involves either trading recipes or bashing Gloria Steinem. And nothing else.",0,1,yes
"She's getting ready to ghost you, pull back a little pursing her and wait for her to reach out to you. She is probably feeling a little crowded by your attention. In the meantime hit up other girls",0,0,no
"The ""migrant"" first eats her snatch, then the disease eats it.",0,1,yes
Maybe to women that's what slaying means. But to men it's just racking up a pussy count.,1,1,yes
The Latest: Spain suspects bought weapons after first attack - Tyranny News [URL],0,0,no
oh no! So they are saying if I send my daught to college she might.... put on a hat? OH THE HUMANITY!!!!,0,0,no
This is about false rape charges and how wives use the laws to torture and get money from the brides family.....highly recommend to watch full video ....its mind blowing,0,0,no
"Greens, eh? The fateful question of the Occident is thus now whether young female university graduates can be continually served with yoga and Pilates courses even amidst the ruins looming on the horizon.",1,0,no
My state? I'm not Jewish. They literally won't stop until they destroy Israel and kill every Jewish person. Have you even read the Qur'an? It was created to give them a sanctuary if Nazi Germany type countries ever rose up again.,0,0,no
"Freedom? Yep, every year when I pay my taxes so a bunch of third world scum can steal the money and rape our women, I thank those vets for giving me that freedom!",0,1,yes
"If You Thought Ashley Graham Couldn‚Äôt Get Any Worse, You Haven‚Äôt Seen Her In A Mullet [URL] [URL]",0,0,no
"Bitch shouldn't have come here illegally, now should she? #ByeFelicia #DeportThemAll [URL]",1,1,yes
"Does this actually work? This seems like the easiest way to get prostitutes, undercover cops, or STDs.",0,0,no
#Question The amount of muslims?,0,0,no
This man deserves to be hailed a hero he looked in the eyes of an ugly four eyed hijab and gave hwr the only respect she deserves blood and death,1,1,yes
"Her career literally doesn't matter, neither does her degree or diploma. Agree with the rest.",0,0,no
"I'd be shocked if it ever worked, usually these thots are getting stretched on the side, and after Leafyishere did the content nuke on her, the tier 3 subs lost it. She has a boyfriend is now etched in their collective memories",1,1,yes
"new male successes will arise out of the ashes of lost ones like comic culture, pc gaming, herioc fantasy, boyscouts etc. may they forever remained scorned and ridiculed by women.",1,1,yes
Hillary Clinton fucking delivered a damn BlackHawk helicopter to ISIS Leader Baghdadi as a GIFT!!!! How sweet of her!!! The Bitch!,1,1,yes
[URL] Obviously written by an incel,0,1,yes
"But he‚Äôs tall, surely she wouldn‚Äôt cheat on him with a 5‚Äô11 Jeremy Meeks",0,0,no
Raising women and children is demeaning. Allowing strangers to fuck you at will and aborting their unborn children with no consequences of fatherhood is empowering. #feminismiscancer,1,1,yes
Intolerant feminist attacks ‚ÄúDoctor Who‚Äù British TV show for not being transgender or black enough - Tyranny News [URL],0,0,no
Well said. Single mothers would not get this point.,1,1,yes
"Among letters attesting to her ‚Äògood character‚Äô was one written by her carpenter husband of 13 years, Paul, 34. He helped her cover her face as she arrived at court for yesterday‚Äôs hearing. Double pussy pass! Idiot husband deserves what he gets.",1,1,yes
"As if reading your BS would make me an intellectual. Women are more than willing to date damaged men as long as the guy is hot. They don't care about ""work"", they care about looks. [URL]",1,1,yes
"While I agree that its a clear sign of immaturity, women still speak this way into their late 20's. The more spoiled they are the longer it lasts.",1,0,no
OMG you think I can slay Asian pussy I already have 5 Asian girlfriends but I need 10 to not be considered an incel. I‚Äôm going to take over the whole continent,1,0,no
Damn...this pisses me off to no end! These mother fuckers need to start gracing the halls of maximum security federal facilities!,0,0,no
Basically they are together and I only saw them twice and she never spoke to me as her dad was there,0,0,no
"No. First my mom became a whore after dad left and was a huge bitch! Oh god, why won't she love me?!",1,1,yes
Go for more traditional women. They cheat at a far lower rate than city girls.,1,0,no
"I hope the DOJ goes after EVERY DEMOCRAT for ANY tax, bank, campaign fraud they can find. ANY of it! EVEN IF from 10 years ago. These political prosecutions will only end when the dems cry ""Uncle!""",0,0,no
The mormans have female cucks. We literally outlawed it because it's bad for scociety.,0,0,no
You should've hit her.,1,1,yes
No thank you I've had my self-confidence destroyed by Indian women since birth,1,1,yes
And if he was a male sex slave he'd bitch and whine,1,0,no
"""just smile even though you want to kill yourself, bro""",0,0,no
"Guys a retard , who wants attention",0,0,no
I don't know if it would make it past the House but we can try to get a law passed saying that you can't turn your kid into a God damn fucking faggot ass drag queen or else you will spend some time in Federal prison getting boned up the ass.,0,1,yes
"courage precludes the wise and strong from prostrating to his base emotions. let the woman freak out. were cooler under pressure, so lets be cool under pressure. let the women attack us physically, were stronger. being punched by a woman is a joke.",1,1,yes
yall Fuck off,0,0,no
"I hate when I see a nigga come /this close üëå/ to saying women need to stick to our roles, but then adds just a pinch of feminist bullshit in a cucked attempt to not look ""sexist"".",0,1,yes
"Female logic tends to not be very logical, this especially applies to advice they give.",1,0,no
Too many damn emojis.,0,0,no
"Damn right. Contraceptives and carpet bombs. We made 'em, we can take 'em out. It is our right as the reason why they exist in the first place, we are their gods. We can giveth and we can taketh away. / Too far ?",0,1,yes
\>woman here Opinion discarded.,1,1,yes
Omg if I had a quarter for all them ugly ass bitches on them apps ü§£ ü§¢ü§Æ nothing but far ugly shrek type women.,1,1,yes
"The New York Times, ladies and gents: ""truth is...irrelevant, we just hate Trump"" #SpeakFreely #MAGA #GabFam [URL]",0,0,no
Rapper Nelly settles with woman over sexual assault lawsuit. [URL],0,0,no
"#EmpressMichelle just needs to pack her shit, #stfu and move to Venezuela. Thank you to all the #Libtards who gave us these two pieces of shit [URL]",0,1,yes
So true girls don't know what they want and can't be loyal to anyone or anything. They just ride till they get a little bored then destroy him because they can't just leave like a normal person and find a new victim. They are black widows.,1,1,yes
[USER]: Mother of ten shares how she prepares for homeschooling! [URL],0,0,no
"Every fucking time. After the trial expires it's always ""what is it you want from this?"" ... it's standard procedure to figure out what value her pussy brings to the table.",1,1,yes
Even us girls did this with or without our brothers. I miss those days when we loved earning money. The pride we felt was an amazing feeling. My kids did the same thing. Raised them right and now the grand kids are learning the same lesson. ;-),0,0,no
well it is disgusting. but if she wants to get eaten out find another man,0,1,yes
"""THIS is the beauty of concealed carry #GunsSaveLives"" by [USER] [URL] , i live in canaduh wish we had women like that here .... sigh",0,0,no
This bitch needs to be shot and killed.,1,1,yes
Don't pay attention to what women say.,1,1,yes
It's a sickening thought to realize roughly half our nation's population think we're their enemy because we genuinely support our Constitution. They support Social Justice and Gender Neutrality.... #WeCanNoLongerCoexistInPeace,0,0,no
It probably wanted to suicide but was too much of a pussy.,1,1,yes
"No, it's called 'guys like girls that look like bimbos' and it's a trend that needs to die. Yes, some of it is uncanny territory, but the botox lips and hooker paint job is a design choice.",1,1,yes
You know you've achieved peak feminism when formerly safe women are being gang raped and murdered by Africans who shouldn't be in the country and the police can't do anything to stop it.,0,1,yes
"George Deriziotis George Deriziotis 3 hours ago And she represents the democratic party? Please, don't replace her!!! She's the PERFECT representative for the democratic party!!!Ôªø",0,0,no
Whores pimped out by ma n pa.,1,1,yes
"Well shit, you got me convinced. Where do I sign up to die in the race war, so that white women could fuck niggers without judgement?",0,1,yes
"""Muh poor oppressed women"" What is this retarded faggot shit?",1,1,yes
You‚Äôre overthinking it completely. Whether you sit next to her or not next time you see her talk to her and ask her out...,0,0,no
You think she is ready to have her genitals removed? [URL],0,1,yes
Oh my GAWD! This woman needs to be cuffed immediatly [URL] I can not wait to see what #Wikileaks has in store next week! .... Is this the work of #KimDotCom Something is getting ready to explode Major #FreedomBoner,0,0,no
I'm sure BB will cover the story when the coalburner and her sprog pays the toll!,0,1,yes
Good god I'd crawl bare-belly over broken beer bottles just to watch her pee,0,1,yes
#TheView is trying to keep professional slut #StormyDaniels and her sidekick attorney relevant by having them on The View. And on a segment called ‚ÄúThe Political View‚Äù nonetheless üòÇ,1,1,yes
Let‚Äôs hope her goal never materializes,0,0,no
There are wise old men who have better things to do with their time and there are creeps who never had sex with a young hot women and still try it when they are older instead of doing better things.,0,0,no
I have an alt account pretending to be a woman. My mission is making FDS females as toxic as possible I've gotten thousands of up votes while posting grade A bitch shit,1,1,yes
"Abused for four years, yet she marries him after 2.5 years of abuse? If it were true, then she's a f.....g masochistic moron.",1,1,yes
"[URL] Guess who's birthday, which lord and savior that one women in that video from comet children and bondage was referencing. Guess who the Hell that disgusting bitch was fucking referencing! #PizzaGate guess what month where fucking in right now.",1,1,yes
"One time I approached a group of three girls with a simple ""can I drink with you"" because I was attracted to one of the girls. Her friend tried to 'guard' her until I started hitting on her instead for her personality.",0,0,no
This must have been going on for such a long time that women have actually evolved their evil ways through the millenia.,1,1,yes
"[USER] ""year round winter wear, for the icy elite bitch of today."" she shears her sheep and wears their wool as a sign of dominance.",1,1,yes
They crap on their credibility each & every day just waiting On Patriotic Americans to die of old age .. ..or a well~calculated drone strike if HRC could have her way!,0,0,no
"No she's not lmao. IRL ratings are sugarcoated. She might be a 5 or a 6 IRL, but her more accurate PSL (puahate-sluthate-lookism) rating is 4. [URL] Large nose, asymmetric jawline and a strong chin.",1,1,yes
"""Where on Earth do you get all your ideas from for your sick jokes?"" asked my wife. Then she fell out of her wheelchair.",0,0,no
oh bloody summer okay then take a small gift for her hope she likes it,0,0,no
Feminist ignore RACE when it comes to rape statistics - are cops falsely arresting nignogs darkies for rape? Or are nignog darkies raping whityle women as if nignogs are too retarded for civil society?,0,1,yes
Ford Can we stop with all the speculation about her. She is doing exactly what the commies do. She is a commie. They lie.Period. All planned. The commies must go.,0,0,no
Providing Emotional Support is gay. The best way to pull anyone women included out of depression is squats and nutritious food. You should be leading your girlfriend not being her vagina boy. She already has a vagina she doesn't need a second.,1,1,yes
Karma's a bitch!,1,0,no
"Coffee, drink, walk in the park. That way if she's retarded you only wasted 20 mins of your life.",0,1,yes
What's the going timeframe onto getting on GAB nowadays??? I'm trying to recruit hardcore since twat is going crazy with censorship.,1,1,yes
Fuckable w a good personality. If they have a bad personality they aren‚Äôt fuckable but not bc of their looks.,0,1,yes
It will not stop until women are hurt enough by genital mutilation to decide it is a bad thing. Only then can we move to ban it for boys.,1,1,yes
"Yeah and that's why she kissed me like it was her last kiss, how about that bitch ?",1,1,yes
then you get a quick brush on her boob....seems like a solid plan.,0,1,yes
"ü§£ü§£ü§£ü§£ My hubby eats healthy, as do I. Thats why. Also, he enjoys cooking as a hobby. No, he isn't a cuck, like you are. üëåüëåüëåüëå",0,0,no
Worse. A whore who overestimates her own value.,1,1,yes
"..oh Obama, dont even start with this kenyan hominid. I always pondered..His mother is a jew, he claims to be muslim....and fagg? yet jews claimed him as his own...oh about faggs...Obama put in risk lots of people with his ""Laws"" and ""freedom"".",0,0,no
Typical praising of women and bashing of men. They're so predictable. And dumb.,1,0,no
Shut it women,1,1,yes
Full on crotch grab from Biden. Even the baby's mom isn't holding him that way.,0,0,no
There‚Äôs no way that bitch is coordinated enough to pull that off.,1,1,yes
"As an Eagle Scout, I'm less than pleased with all of this. If women wanted to destroy the BSA, they've done it.",1,0,no
"If the court sides with the workers on this, businesses will not be able to cope with a cost of operations that is larger than incoming sales revenue.",0,0,no
"You think femoids will listen to whatever you have to say? Maybe you‚Äôll get a platitude or a ‚Äúwell, my friend is short and girls love him.‚Äù",1,1,yes
"Fake News media whore.... politicized and sensationalized tragedy, instrumentalized grieving victims, all to prop up ratings (perhaps her 401-k, also) for a sinking, sinking, failing, lying network...She is a A despicable, deranged pos",1,1,yes
having sex at 15 is not ok! Let alone a gangbang...damn.... And people like u are trying so desperately to normalize it...at 15....they are just kids man!!,0,0,no
"I see. I hope that your balls are metaphorical, little lady.",0,1,yes
I'm so sick of women hitting the wall. I'm getting a sex doll. They never do.,1,1,yes
Porn is always true,0,0,no
Hillary should also have her clearance revoked.,0,0,no
Fucking lol. Bitches love trinkets.,1,1,yes
"""wtf do you care what she does online"" It she has LTR potential it cares! Has nothing to do with ""sadness"" ""desperate"" or ""buthurt""",0,0,no
Tell that to Weev you lying shitskin son of a bitch.,1,0,no
Absolutely! If these RINOs stab US all in the back - tossing their vote to the Democrats = WE WILL NEVER FORGET! It's a hardcore SMEAR CAMPAIGN w Hillary Clinton and her lawyers behind it all = EVIL BITCH.,1,1,yes
"I'm getting older and I can't keep doing that grind to spin plates / seek out new pussy. I want to be with a woman long term, but want to learn how to avoid this issue from getting in the way.",1,0,no
Add about 400 lbs to her fat ass... And maybe,0,1,yes
It's part of the gynocentric society's effort to abolish all standards for women.,1,1,yes
Half the human population counts as a 'minority' to you? Some women don't give a shit about pushing paper as an office drone for 50 years of their life.,1,0,no
"maybe 10 years ago, now she's too fat and too mommy",0,1,yes
Or watching any movies with female protagonists?,0,0,no
How many gun activists can attack a gun owner or their home before one of them get shot and then the activist will use it to esculate their actions including the confiscation laws you know they want.,0,0,no
This whore deserves to be shot to death. Women have no control. I hope someone shoots her to death in jail before she goes to trial. UK has the most fucked up feminist society.,1,1,yes
This website needs stronger digital technology... shit takes way too long to post and view... need more RAM bitches!,1,1,yes
"""Only love can beat hate!"" It was not love that drove the Ottomans from Europe and liberated those they subjugated and oppressed, it was the winged hussars might and bravery.",0,0,no
I'm thinking of starting a kickstarter or something to deprogram her with a scientific Psyops campaign so we don't have to endure her debased shenanigans anymore. I'll take a $million bounty if we turn her into a legit evangelical.,0,1,yes
merkel is stazi she has to go,0,0,no
My wife literally shoveled the snow yesterday. Get over yourselves. The reason women don't sleep with you is because of you. Not them.,0,0,no
Looks like a tranny witch,1,1,yes
[URL] [URL] I actually like the style of the bra popping out of the top of the dress. It looks like it was constructed that way and accentuates her curves. This dress is so vibrant and sexy--great for dancing!‚ú®‚ú®‚ú® #Beauty #GabMusic,0,0,no
Out of boredom I decided to read quite a few of the posts from cheeky monkey. My wife and I can't decide whether it's 1. A teenage girl or 2. Just a cunt I know it's possible to be both but I'm guessing it's 1 and my wife says 2.,1,1,yes
"Well if you have a penis you have to wear skinny jeans and be a beta, if you own a vagina, don't wash it for a week and bow up and act tough BUT be sure to scream ""you hit a girl"" if you're punched. Oh and if you see a car coming MOVE OUT OF THE WAY!",1,1,yes
"Pretty soon, looking at a woman is ""eye rape"". All men should move to Mars and leave this stinking Earth to women.",1,1,yes
"I'm so relieved to hear that, because I've been saving this pic since the 1930's",0,0,no
"Yeah man I had a plate who did everything for me, untill she started saying I was an enigma and some people talked to me about how I was an emotionless robot with her. I opened up abit and not even a week later she lost interest.",0,0,no
"Are they going to record all Anti-White hate crimes? Are they going to record every Rape of young White girls by Moslems? Are they going to record every murder of Whites, by Black/Moslems?",0,1,yes
ZUMBIS EM BRAS√çLIA EP 2 - A VOLTA DO MORTO-VIVO [URL],0,0,no
Of course I‚Äôm judgemental. If you can talk about a someone that you haven‚Äôt even meet to its fair that I get to judge you isn‚Äôt it. Or do you want to be exempt from those standards. Like a women wants.,1,0,no
Damn...hot white woman,0,0,no
"My cat I had for 15 years died and I broke down a little infront of a plate. Absolutely nothing changed. Just never bring it up again. Think of it as a test for her. If she leaves, she was trash to begin with.",0,0,no
"Freakish lesbian, Ellen Degenerate, has been burned out of her home in California [URL] The wildfires are cleansing fires :)",0,1,yes
Sorry but not sorry for the guy. She cheated and he still kept her? What the fuck is wrong with that guy?,0,0,no
"CRAZY BIMBO IS BACK! White Uncle Tom: Rachel Dolezal says she's ""Trans-Black."" Ugh, this dumb bitch! I thought society was through with her! [URL]",1,1,yes
penis 5.5 inch,0,0,no
"you're may be right. i'm assuming for a hookup, face matters little, because of the positions they'd be in.",0,0,no
The moment my mom divorced my dad and went riding the cock carousel I knew I‚Äôd never date again. Seven years later I‚Äôve held up. Been a great 7 years.,1,1,yes
"other vapid whore. fuck the off like kindly ""I'm you girls"" not",1,1,yes
Little sister basically ruined my life and my family‚Äôs at an early age. I‚Äôm trying my best to get out of this house pronto.,0,0,no
"Truefemcels is troll idk about fa, inb4 bbw whaling starts ranting about fa having truecel women",0,0,no
"AWALT, yes, but this sounds more than a cunty wife. Get to a hospital ASAP.",1,1,yes
"It's a fair trade I suppose. While we'll have to pay for the incarnation of yet another rabid sheboon, likely for life she's at least removed another future negroid criminal sperm donor from the pool.",1,1,yes
what do you think about that ? Should i pay her ? Pay whatever she's minimally entitled to legally but kick her ass to the curb.,1,0,no
What an evil traitorous bitch,1,1,yes
"I've had enough of leftie bastards,they must worship the devil!",0,0,no
3rd World Shitholer party of criminals. Send Cortez back to her 3rd world shithole & all her supporters.,0,0,no
i expect to have boomers dissing national socialists right up until the communists shoot them all.,0,0,no
Get packing you miserable freeze-dried old Kike cunt.,1,1,yes
Man already jailed to be arraigned in Tucson girls' slayings [URL] #ToxicDiversity,0,0,no
So how did men reproduce before the female virus kicked in?,1,1,yes
She's not crying. She's probably texting her friends complaining about the Fags at the gym.,0,1,yes
It hasn't for many because this greedy bastard had to try and get it all for himself.,0,0,no
Kick the trans in her man eat,1,1,yes
Why the fuck would you go for crazy bitches?,1,1,yes
I would love to suck her tits,0,1,yes
Holy fuck is this for real,0,0,no
"[USER] Like I posted in another post about disgusting b!tch, if she EVER has one I'm calling it premeditated murder!",1,1,yes
Women in the military is a joke. Almost any man could beat the shit out of this female guard wearing camo in Penn Station.,1,1,yes
"Folks [USER] is what having a small cock looks like Poor little [USER]. Nobody likes him, he has a small pencil dick, he has problems meeting women, and he can't get his testosterone patch dosage correct!",0,1,yes
"what have you tried already? I like to point out that nobody blinks when a smaller man starts shit with a larger man and gets his ass beat, men and women are equal right?",1,0,no
If your a simp women will destroy you. If you tell them to fuck off they are MUCH more likely to leave you alone. Choose.,1,1,yes
Damn Global Warming! [URL],0,0,no
"What seems to be the case is.... if a female puts in her bio ‚ÄúVenmo me and see what happens‚Äù, ‚Äúif you are not rich don‚Äôt HMU‚Äù, ‚Äúif you are fat don‚Äôt HMU‚Äù then it‚Äôs perfectly fine but if a guy has some standards, apparently im a piece of shit.",1,0,no
"Only people in my office in a shitty mood today: Our token ""Wise latina"" and the silly single mom beaner burner. Engineering group is all grins (also, all white and all male), even their intern is wearing a red MAGA hate. LOL.",0,1,yes
Hit her with a club on the back of the head and carry her back to your cave oonga boonga style,1,1,yes
Twitter hasn't suspended the account? They must really hate guys and whites lol,0,1,yes
[USER] ¬∑ 8h8 hours ago Shouldn‚Äôt the most infamous loser in history shut her pie hole at this point? It‚Äôs becoming an authentic tragedy. #TumblingHag [URL],1,1,yes
"[URL] Excellent video, neatly showing how women steal from men. Marriage, meritricious law and diamond rings are all jew inventions that transfer wealth from men to women.",1,1,yes
Now we need a woman come out & accuse Hillary of sexual abuse. [USER],0,1,yes
"Your wife could leave her phone at the office Women can‚Äôt be parted with Instagram for two minutes while taking shit mate, what are you talking about even?",1,1,yes
"Like the ""stunning and brave"" woman that """"""stopped the police"""""" by showing her pussy. As if police was there only for her...",0,1,yes
How many fat women who got wimps locked actually started working out?,0,1,yes
I can give lots of info on this. Dm if you have questions. Yes youll meet lots of women doing this. However it has not made me any more successful with women if Im being honest.,0,0,no
This woman is just stupid. [URL],1,0,no
Is she on GAB HERE? I have to look and see! I'll try to follow,0,0,no
Pure sick evil... this woman has no soul. Kristine Marcy SES [URL],0,1,yes
"I only know a few black women, but they all hate men and they are all single moms with varying amounts of baby daddies. Imo if you are a black dude who can keep down a job you deserve better than a black woman.",1,1,yes
Not all Blacks are complete NIGGERS like this whore The Pure POS Nigger bitch gives others a bad name fucking cunt Should investigate where she worked and deaths,1,1,yes
"Citizen Donald Trump was simply pointing out that hollywood women get so wet and excited around millionaire movies stars, they could literally be grabbed by their pussies. (He was right again!)",1,1,yes
Classic narcissist. Wants her cake and wants to eat it too. Block the toxic hoe and move the fuck on making yourself the priority.,1,0,no
either shes a ho or shes not. If shes not u got no shot in 5 minutes. If she is it don't matter what you say ur golden.,1,1,yes
#Hillary continues to blame everyone but herself. #MAGA #PresidentTrump #FakeNews [URL],0,0,no
"Womyn are always on the market, or to put it in another way: she's not yours, it's just your turn.",1,1,yes
"Like a typical woman, always waiting for the men to fix a problem instead of actually working on anything. Golf clap.",1,1,yes
To female Bishops stop making fun of religion.,1,0,no
selection bias - plus most women on tinder are there for validation not sex,1,0,no
"I don't see why they even bothered, nobody said cellulite wasn't natural, just that it isn't attractive at all. Oh boo hoo women have to deal with having a flawed appearance, cry me a river.",1,0,no
.It would cause civil war of he was taken out but it seems like he is under #ISrael's balls since he asked them 2 rescue the #WhiteHelmets from Syria not too long ago!,0,0,no
"I know mine is higher with smart women than dumb women. Or rather, it's lower with dumb women because my lack of knowledge or interest in what (Insert celebrity) did comes across as patronizing.",1,0,no
You've seduced a girl before right? Just do the same thing with her without the kissing. Pull ya dick out and make er suck for god sakes,1,1,yes
so they confirm being a women means being a hole. sexist pig vice! REEEEEEEE,1,1,yes
"Are your chromosomes XX? If so, you're 100% female.",1,0,no
Banging a white girl like her [she's a felon.. ]([URL] I always love rogue white chicks. Her smile is hot.,0,1,yes
I hate her.,0,0,no
this just this! enjoy it. what a bozo she is..... #Freaky Frederica,0,0,no
"No where near as bad as the average wife who not just prey's on the husband via divorce court, but destroys children's lives while she's at it.",1,1,yes
Rrrrrr im going to fuck u in the ass for this,0,1,yes
Can't hit girls though......but.... a c@#t punt might be an idea..,1,1,yes
No women love chads And tyrones with the bbc Women love black men,1,0,no
Who the fuck would believe that fat landwhale that someone would want to rape her lel.,1,1,yes
Soy boys PMS worse than women cause it's 24/7. They get their delicate feelings hurt because of lack of testosterone...It's a problem!,1,1,yes
"All minority characters are good. Only exception: if they are male, all their skill is immediately superseded by any woman.",0,1,yes
"Dude, it took me 10 minutes to figure out these were before and after pics. At first I didn't believe that most women hit the wall hard at 30. This was a really fucking mind opener",1,0,no
She's an attention whore who made her exit upon getting news about Big Brother.,1,0,no
she says nothing but i know she wishes she had aborted me or that i would die.,0,1,yes
"and whats new about this. a woman can be total garbage, but as long as she is fuckable she gets something.",1,1,yes
Meh- women in 2018 are pure cancer. Don't even touch them with a 12 foot barge pole.,1,1,yes
"How is ANYONE to take this whore seriously when she puts herself out there! She's been jack hammered by everyone out there that will have her, and we're suppose to take her cry for help seriously? Whore will be a whore!",1,1,yes
"The lawyer chick will shoot down the McDonald's guy, every time, no matter how he looks. That's just the world that we live in. Agree to disagree, I suppose.",1,0,no
I try to act confident but girls dont even look at me,0,0,no
This is something you can either do naturally or you can't do at all. If you can't do it naturally don't even try because you'll come across as an arrogant shit and people will hate you. Find a different way to be charming. Just be yourself.,0,0,no
white girl is trash Truly surprising,1,1,yes
You have no idea what you are talking about. Just another pussy making excuses for the world you're NOT fixing.,1,0,no
"Can you imagine just how incredibly butthurt the democrats would be if Trump does so well that the first female president ends up his daughter Ivanka. They try to make a witch the first female POTUS, and instead we get an angel lol. #Trump #MAGA",0,1,yes
Mollie Tibbets deserved to die for her support of womens perjury in divorce courts to ruin mens lives. She is one dead bitch who will never ruin a mans life in a divorce court. Good riddance to this man hating bitch. #MGTOW,1,1,yes
Trump extortionist Stormy Daniels to facilitate cryptocurrency payments on her website for porn content - [URL] #news #finance #bitcoin #stormydaniels,0,0,no
"Modern prostitution, only you never get any bang for you buck, only an idea and a picture.",0,1,yes
"I don't now days because of covid but you can. You don't gotta bang her, just get her comfortable with your touch.",0,1,yes
Im ngl short girls are cute as hell but sadlly foids dont find short men cute.,1,1,yes
[USER] Exactly... which is why she loved Obama. Well sorry old hag... your time is done. The world is waking up to the truth.,1,1,yes
GL convincing the idiot masses ......Black pastors see Trump bringing 'new hope' -- but still need to convince their flocks .....[URL],0,0,no
"My wife just left me because I'm not 'man enough'. I'll be alright after a lads night in, crying with Ben and Jerry's whilst watching some good old Sex and The City.",0,0,no
Ask her,0,0,no
Don‚Äôt hate women I just understand the price that is paid being with them (not sex) and it‚Äôs not worth it...AT ALL.,1,0,no
[USER] i can't stand idiots running our nation overlooking the true domestic enemies against our constitution and our nation making them enemies to our own nation.,0,0,no
"no, it's just not true shared environment has basically no effect on adult iq the data is clear iq is genetic just don't starve your kid or beat them after that it's genes and chance",0,0,no
Top kek. Disgusting old cripple resenting Chad for not wanting to fuck her roast beef cunt.,1,1,yes
A kilt is generally fairly heavy-duty and made of wool. A skirt is generally lighter weight.,0,0,no
"Damn now i have an idea. Making a fake Chad account and getting multiple roasties emotionally invested and then breaking their hearts, if they even have one. I shall find out for SCIENCE.",1,1,yes
I had one punch me in the stomach. I return the favor back. First time I ever punch a lady(monster),1,1,yes
Not if she wants it. Only prudish women hate dirty talk from attractive men from the getgo.,1,0,no
"You‚Äôre a bastard lol. On a side note. I think it‚Äôs photoshopped. Those legs are way to thin to support her, and she isn‚Äôt even struggling to walk.",0,0,no
"Passes IHRA anti-semitism laws to shut the British people's mouths and puts pedoes on the fast track for adoption. She can not be anymore than 2 steps away from her boss, SATAN. What a cunt",1,1,yes
"It's so nice to see these ideas delivered unapologetically, with no concern given to the poor hurt feelings of the feminists who are wrong about them. I'd love to send this blogger some flowers. (Or she might prefer weed. Or catnip.)",0,0,no
It stops white women from being hit (or worse) by niggers and thats as right as it gets.,0,1,yes
"Alexa Chung Her father is 3/4 Chinese if that makes a difference. I'm pretty good at spotting mixes, so she does appear a little different but definitely not appearing like half or even 3/8s asian.",0,0,no
"Chelsea Clinton leaned over to her husband and said something about Melania. Not sure what she said, but I guarantee it was classless. #PresidentialDebates",0,0,no
"Thats because all women are different, but all female nature is the same.",0,1,yes
I‚Äôd pay a weeks salary to have the opportunity to bitch slap that smarmy look off her face. God I hope she isn‚Äôt a grandma. What a nightmare for a kid. She is anything but huggable and boo-boo kissing material.,1,1,yes
